"City","Date","Retail_Recreation","Grocery_Pharmacy","Parks","Transit_Stations","Workplaces","Residential"
"Sydney","2020-02-15",6,9,25,14,2,-1
"Sydney","2020-02-16",2,13,57,8,0,-1
"Sydney","2020-02-17",-1,6,6,6,9,-1
"Sydney","2020-02-18",3,4,-1,5,7,-1
"Sydney","2020-02-19",2,3,11,7,4,-1
"Sydney","2020-02-20",7,9,23,8,5,-2
"Sydney","2020-02-21",10,7,14,8,9,-2
"Sydney","2020-02-22",7,11,34,13,2,0
"Sydney","2020-02-23",-1,9,6,2,-2,0
"Sydney","2020-02-24",1,6,15,6,8,-1
"Sydney","2020-02-25",3,2,3,12,7,-1
"Sydney","2020-02-26",2,3,7,5,3,0
"Sydney","2020-02-27",11,9,25,9,5,-1
"Sydney","2020-02-28",14,10,15,9,9,-2
"Sydney","2020-02-29",21,20,115,34,0,-2
"Sydney","2020-03-01",-2,5,9,6,-1,-1
"Sydney","2020-03-02",-1,9,0,5,6,0
"Sydney","2020-03-03",-3,9,-20,4,6,1
"Sydney","2020-03-04",-5,10,-24,-1,2,2
"Sydney","2020-03-05",-4,4,-20,2,4,3
"Sydney","2020-03-06",9,16,3,3,8,0
"Sydney","2020-03-07",3,11,30,13,0,1
"Sydney","2020-03-08",-7,6,-8,-4,0,1
"Sydney","2020-03-09",-7,9,-18,7,5,2
"Sydney","2020-03-10",-2,10,-15,-3,6,2
"Sydney","2020-03-11",-2,7,-10,-3,2,1
"Sydney","2020-03-12",0,12,7,-2,0,2
"Sydney","2020-03-13",-2,12,-2,-4,1,3
"Sydney","2020-03-14",-19,2,-33,-21,-4,6
"Sydney","2020-03-15",-23,10,-38,-27,-4,4
"Sydney","2020-03-16",-25,18,-39,-24,-11,10
"Sydney","2020-03-17",-28,20,-37,-32,-20,12
"Sydney","2020-03-18",-36,14,-36,-38,-28,15
"Sydney","2020-03-19",-39,6,-27,-41,-30,16
"Sydney","2020-03-20",-43,-6,-38,-43,-30,17
"Sydney","2020-03-21",-47,-12,-34,-42,-17,11
"Sydney","2020-03-22",-50,-11,-46,-52,-17,8
"Sydney","2020-03-23",-57,-16,-49,-57,-42,21
"Sydney","2020-03-24",-66,-27,-59,-66,-52,27
"Sydney","2020-03-25",-70,-36,-63,-70,-56,29
"Sydney","2020-03-26",-70,-29,-53,-71,-58,30
"Sydney","2020-03-27",-71,-30,-51,-72,-57,31
"Sydney","2020-03-28",-72,-33,-52,-70,-44,20
"Sydney","2020-03-29",-71,-35,-55,-74,-44,17
"Sydney","2020-03-30",-74,-40,-58,-76,-62,30
"Sydney","2020-03-31",-73,-38,-60,-77,-64,31
"Sydney","2020-04-01",-75,-41,-63,-77,-66,33
"Sydney","2020-04-02",-76,-41,-66,-78,-66,34
"Sydney","2020-04-03",-77,-34,-65,-77,-64,36
"Sydney","2020-04-04",-74,-30,-59,-74,-49,22
"Sydney","2020-04-05",-73,-30,-58,-77,-48,17
"Sydney","2020-04-06",-74,-37,-58,-77,-64,30
"Sydney","2020-04-07",-75,-37,-66,-78,-66,32
"Sydney","2020-04-08",-75,-38,-66,-78,-66,33
"Sydney","2020-04-09",-72,-26,-59,-78,-67,32
"Sydney","2020-04-10",-86,-52,-72,-88,-85,44
"Sydney","2020-04-11",-75,-28,-57,-76,-52,22
"Sydney","2020-04-12",-79,-46,-57,-79,-53,19
"Sydney","2020-04-13",-78,-42,-57,-87,-85,35
"Sydney","2020-04-14",-74,-37,-62,-79,-65,32
"Sydney","2020-04-15",-74,-39,-57,-77,-66,32
"Sydney","2020-04-16",-75,-32,-56,-77,-65,33
"Sydney","2020-04-17",-75,-29,-54,-76,-63,34
"Sydney","2020-04-18",-72,-26,-51,-72,-44,20
"Sydney","2020-04-19",-73,-29,-57,-77,-45,17
"Sydney","2020-04-20",-74,-34,-59,-77,-64,30
"Sydney","2020-04-21",-73,-32,-58,-77,-64,31
"Sydney","2020-04-22",-74,-35,-59,-77,-64,31
"Sydney","2020-04-23",-73,-32,-51,-76,-63,32
"Sydney","2020-04-24",-74,-30,-56,-76,-61,33
"Sydney","2020-04-25",-73,-29,-48,-75,-49,20
"Sydney","2020-04-26",-71,-26,-58,-76,-43,16
"Sydney","2020-04-27",-74,-35,-62,-78,-63,30
"Sydney","2020-04-28",-72,-34,-62,-77,-61,31
"Sydney","2020-04-29",-73,-35,-59,-76,-63,31
"Sydney","2020-04-30",-76,-42,-70,-76,-64,34
"Sydney","2020-05-01",-72,-29,-57,-74,-59,31
"Sydney","2020-05-02",-69,-25,-53,-68,-41,17
"Sydney","2020-05-03",-68,-28,-50,-71,-39,14
"Sydney","2020-05-04",-71,-35,-55,-74,-60,28
"Sydney","2020-05-05",-71,-35,-60,-75,-60,30
"Sydney","2020-05-06",-70,-34,-54,-74,-61,30
"Sydney","2020-05-07",-70,-34,-49,-73,-60,29
"Sydney","2020-05-08",-70,-30,-49,-72,-57,29
"Sydney","2020-05-09",-65,-24,-43,-63,-37,14
"Sydney","2020-05-10",-66,-30,-52,-67,-34,10
"Sydney","2020-05-11",-69,-37,-51,-73,-58,27
"Sydney","2020-05-12",-68,-35,-55,-72,-57,28
"Sydney","2020-05-13",-69,-37,-53,-72,-59,29
"Sydney","2020-05-14",-70,-35,-60,-72,-58,30
"Sydney","2020-05-15",-69,-35,-66,-70,-56,30
"Sydney","2020-05-16",-60,-24,-45,-59,-35,14
"Sydney","2020-05-17",-58,-29,-47,-61,-32,11
"Sydney","2020-05-18",-65,-35,-54,-70,-56,25
"Sydney","2020-05-19",-63,-33,-53,-71,-55,26
"Sydney","2020-05-20",-63,-33,-50,-70,-56,26
"Sydney","2020-05-21",-65,-33,-57,-70,-57,28
"Sydney","2020-05-22",-65,-28,-61,-70,-54,29
"Sydney","2020-05-23",-57,-22,-53,-60,-32,14
"Sydney","2020-05-24",-59,-27,-60,-66,-33,12
"Sydney","2020-05-25",-68,-42,-70,-71,-56,27
"Sydney","2020-05-26",-62,-29,-59,-69,-54,27
"Sydney","2020-05-27",-62,-31,-50,-68,-54,26
"Sydney","2020-05-28",-59,-27,-37,-65,-52,25
"Sydney","2020-05-29",-63,-32,-59,-66,-51,27
"Sydney","2020-05-30",-51,-21,-22,-51,-28,10
"Sydney","2020-05-31",-52,-26,-39,-55,-27,9
"Sydney","2020-06-01",-56,-33,-43,-64,-49,22
"Sydney","2020-06-02",-59,-37,-60,-65,-50,25
"Sydney","2020-06-03",-57,-36,-50,-64,-51,24
"Sydney","2020-06-04",-55,-33,-45,-63,-49,23
"Sydney","2020-06-05",-52,-30,-42,-60,-49,21
"Sydney","2020-06-06",-43,-26,-26,-39,-29,7
"Sydney","2020-06-07",-47,-35,-56,-52,-28,7
"Sydney","2020-06-08",-56,-35,-46,-75,-78,22
"Sydney","2020-06-09",-57,-32,-56,-65,-49,23
"Sydney","2020-06-10",-60,-42,-66,-65,-50,26
"Sydney","2020-06-11",-52,-30,-37,-60,-48,22
"Sydney","2020-06-12",-53,-33,-55,-59,-46,23
"Sydney","2020-06-13",-39,-19,-26,-40,-16,8
"Sydney","2020-06-14",-41,-21,-36,-46,-17,7
"Sydney","2020-06-15",-53,-32,-41,-60,-47,20
"Sydney","2020-06-16",-51,-31,-45,-60,-46,21
"Sydney","2020-06-17",-53,-34,-56,-60,-48,23
"Sydney","2020-06-18",-48,-29,-37,-58,-46,21
"Sydney","2020-06-19",-45,-26,-39,-54,-45,20
"Sydney","2020-06-20",-34,-20,-14,-34,-14,6
"Sydney","2020-06-21",-41,-22,-45,-47,-15,7
"Sydney","2020-06-22",-52,-31,-48,-59,-47,20
"Sydney","2020-06-23",-49,-31,-49,-59,-46,21
"Sydney","2020-06-24",-49,-31,-47,-57,-47,21
"Sydney","2020-06-25",-45,-28,-33,-55,-46,19
"Sydney","2020-06-26",-43,-25,-36,-52,-43,19
"Sydney","2020-06-27",-34,-18,-28,-38,-18,7
"Sydney","2020-06-28",-39,-21,-39,-44,-15,6
"Sydney","2020-06-29",-50,-31,-49,-59,-46,20
"Sydney","2020-06-30",-46,-33,-46,-57,-44,19
"Sydney","2020-07-01",-46,-34,-40,-56,-45,19
"Sydney","2020-07-02",-43,-30,-29,-54,-45,18
"Sydney","2020-07-03",-40,-28,-33,-50,-43,18
"Sydney","2020-07-04",-32,-21,-22,-36,-16,6
"Sydney","2020-07-05",-34,-21,-20,-37,-16,4
"Sydney","2020-07-06",-46,-31,-33,-56,-47,18
"Sydney","2020-07-07",-45,-32,-46,-56,-47,20
"Sydney","2020-07-08",-44,-32,-44,-55,-47,19
"Sydney","2020-07-09",-39,-26,-26,-52,-46,18
"Sydney","2020-07-10",-39,-28,-37,-50,-44,18
"Sydney","2020-07-11",-33,-23,-34,-36,-15,7
"Sydney","2020-07-12",-35,-23,-33,-43,-13,5
"Sydney","2020-07-13",-47,-31,-41,-57,-48,18
"Sydney","2020-07-14",-52,-39,-62,-60,-49,22
"Sydney","2020-07-15",-46,-34,-52,-57,-47,20
"Sydney","2020-07-16",-43,-33,-42,-56,-46,19
"Sydney","2020-07-17",-43,-31,-45,-55,-45,19
"Sydney","2020-07-18",-34,-23,-24,-36,-15,6
"Sydney","2020-07-19",-36,-22,-23,-41,-14,4
"Sydney","2020-07-20",-50,-34,-37,-58,-45,18
"Sydney","2020-07-21",-49,-35,-45,-59,-43,19
"Sydney","2020-07-22",-49,-37,-41,-58,-44,19
"Sydney","2020-07-23",-47,-34,-31,-57,-44,18
"Sydney","2020-07-24",-46,-33,-37,-55,-42,18
"Sydney","2020-07-25",-39,-28,-32,-43,-17,8
"Sydney","2020-07-26",-53,-42,-68,-61,-21,11
"Sydney","2020-07-27",-58,-43,-64,-62,-48,21
"Sydney","2020-07-28",-53,-37,-51,-61,-45,21
"Sydney","2020-07-29",-50,-38,-40,-59,-46,19
"Sydney","2020-07-30",-49,-35,-35,-58,-45,19
"Sydney","2020-07-31",-48,-33,-38,-57,-44,18
"Sydney","2020-08-01",-41,-28,-19,-44,-16,6
"Sydney","2020-08-02",-44,-27,-30,-51,-17,4
"Sydney","2020-08-03",-53,-35,-37,-61,-47,18
"Sydney","2020-08-04",-52,-36,-43,-60,-45,19
"Sydney","2020-08-05",-53,-38,-42,-60,-46,20
"Sydney","2020-08-06",-51,-33,-31,-59,-45,19
"Sydney","2020-08-07",-56,-39,-60,-61,-44,22
"Sydney","2020-08-08",-43,-26,-40,-51,-17,9
"Sydney","2020-08-09",-52,-34,-63,-61,-20,9
"Sydney","2020-08-10",-56,-37,-52,-63,-47,20
"Sydney","2020-08-11",-51,-34,-46,-61,-43,19
"Sydney","2020-08-12",-52,-35,-44,-60,-45,19
"Sydney","2020-08-13",-48,-30,-25,-58,-45,18
"Sydney","2020-08-14",-50,-33,-47,-58,-43,19
"Sydney","2020-08-15",-41,-20,-24,-43,-18,6
"Sydney","2020-08-16",-43,-25,-29,-49,-17,4
"Sydney","2020-08-17",-53,-35,-39,-60,-46,18
"Sydney","2020-08-18",-53,-35,-43,-60,-44,18
"Sydney","2020-08-19",-53,-36,-44,-60,-45,19
"Sydney","2020-08-20",-50,-33,-35,-59,-43,18
"Sydney","2020-08-21",-48,-32,-40,-57,-41,17
"Sydney","2020-08-22",-41,-26,-31,-45,-14,6
"Sydney","2020-08-23",-43,-27,-35,-52,-17,4
"Sydney","2020-08-24",-53,-37,-37,-60,-44,17
"Sydney","2020-08-25",-50,-36,-44,-60,-42,18
"Sydney","2020-08-26",-51,-38,-39,-58,-44,18
"Sydney","2020-08-27",-49,-36,-26,-56,-41,17
"Sydney","2020-08-28",-45,-32,-35,-55,-40,16
"Sydney","2020-08-29",-39,-25,-18,-38,-15,4
"Sydney","2020-08-30",-43,-28,-25,-43,-17,1
"Sydney","2020-08-31",-53,-38,-41,-59,-44,17
"Sydney","2020-09-01",-51,-36,-42,-59,-42,17
"Sydney","2020-09-02",-51,-36,-39,-58,-42,17
"Sydney","2020-09-03",-47,-35,-25,-53,-41,16
"Sydney","2020-09-04",-49,-36,-54,-54,-40,18
"Sydney","2020-09-05",-38,-23,-14,-37,-15,4
"Sydney","2020-09-06",-42,-26,-28,-46,-15,1
"Sydney","2020-09-07",-53,-38,-35,-56,-43,16
"Sydney","2020-09-08",-50,-37,-41,-55,-42,16
"Sydney","2020-09-09",-55,-43,-63,-57,-43,19
"Sydney","2020-09-10",-47,-35,-32,-53,-39,16
"Sydney","2020-09-11",-43,-30,-36,-51,-37,15
"Sydney","2020-09-12",-34,-25,-13,-36,-10,3
"Sydney","2020-09-13",-39,-26,-28,-44,-12,3
"Sydney","2020-09-14",-51,-37,-32,-54,-38,16
"Sydney","2020-09-15",-48,-35,-43,-54,-36,16
"Sydney","2020-09-16",-47,-36,-35,-51,-38,16
"Sydney","2020-09-17",-46,-37,-26,-51,-36,15
"Sydney","2020-09-18",-45,-35,-44,-50,-36,16
"Sydney","2020-09-19",-33,-26,-18,-36,-9,5
"Sydney","2020-09-20",-41,-30,-38,-49,-13,5
"Sydney","2020-09-21",-50,-37,-29,-53,-38,15
"Sydney","2020-09-22",-47,-35,-35,-53,-37,16
"Sydney","2020-09-23",-48,-36,-38,-52,-38,16
"Sydney","2020-09-24",-45,-34,-28,-51,-36,15
"Sydney","2020-09-25",-43,-34,-44,-50,-36,17
"Sydney","2020-09-26",-32,-21,-21,-34,-7,4
"Sydney","2020-09-27",-36,-24,-25,-39,-10,3
"Sydney","2020-09-28",-48,-36,-30,-54,-41,16
"Sydney","2020-09-29",-45,-34,-35,-53,-39,16
"Sydney","2020-09-30",-46,-36,-45,-52,-41,16
"Sydney","2020-10-01",-41,-33,-25,-50,-38,14
"Sydney","2020-10-02",-39,-28,-31,-48,-38,14
"Sydney","2020-10-03",-33,-23,-11,-31,-13,1
"Sydney","2020-10-04",-30,-26,-14,-26,-12,-1
"Sydney","2020-10-05",-51,-40,-23,-67,-76,15
"Sydney","2020-10-06",-48,-34,-46,-55,-41,16
"Sydney","2020-10-07",-48,-37,-47,-52,-40,17
"Sydney","2020-10-08",-44,-34,-29,-51,-38,15
"Sydney","2020-10-09",-37,-30,-24,-47,-37,14
"Sydney","2020-10-10",-30,-22,2,-28,-8,2
"Sydney","2020-10-11",-36,-24,-22,-38,-9,2
"Sydney","2020-10-12",-51,-37,-32,-53,-37,15
"Sydney","2020-10-13",-46,-35,-36,-52,-35,14
"Sydney","2020-10-14",-46,-36,-39,-51,-36,15
"Sydney","2020-10-15",-43,-35,-24,-48,-33,14
"Sydney","2020-10-16",-40,-31,-40,-48,-33,14
"Sydney","2020-10-17",-29,-22,-11,-30,-7,4
"Sydney","2020-10-18",-35,-20,-35,-43,-10,4
"Sydney","2020-10-19",-49,-36,-40,-52,-37,15
"Sydney","2020-10-20",-45,-33,-44,-51,-34,15
"Sydney","2020-10-21",-45,-33,-37,-50,-34,14
"Sydney","2020-10-22",-41,-33,-26,-49,-32,14
"Sydney","2020-10-23",-36,-28,-30,-46,-31,12
"Sydney","2020-10-24",-34,-24,-35,-37,-7,6
"Sydney","2020-10-25",-42,-29,-60,-51,-9,7
"Sydney","2020-10-26",-55,-39,-60,-56,-38,17
"Sydney","2020-10-27",-45,-30,-49,-52,-34,15
"Sydney","2020-10-28",-45,-33,-45,-50,-34,15
"Sydney","2020-10-29",-43,-32,-38,-49,-31,14
"Sydney","2020-10-30",-36,-27,-34,-45,-32,12
"Sydney","2020-10-31",-32,-22,-35,-34,-8,4
"Sydney","2020-11-01",-43,-29,-61,-50,-12,7
"Sydney","2020-11-02",-47,-33,-37,-52,-35,14
"Sydney","2020-11-03",-39,-33,-41,-48,-32,12
"Sydney","2020-11-04",-45,-36,-44,-49,-35,14
"Sydney","2020-11-05",-49,-44,-62,-51,-34,18
"Sydney","2020-11-06",-35,-28,-37,-46,-31,13
"Sydney","2020-11-07",-27,-18,-18,-28,-8,3
"Sydney","2020-11-08",-31,-20,-28,-36,-9,3
"Sydney","2020-11-09",-47,-35,-39,-51,-35,14
"Sydney","2020-11-10",-43,-32,-42,-48,-32,14
"Sydney","2020-11-11",-43,-34,-38,-46,-33,13
"Sydney","2020-11-12",-40,-31,-35,-46,-31,13
"Sydney","2020-11-13",-37,-29,-43,-45,-31,13
"Sydney","2020-11-14",-26,-19,-11,-25,-7,1
"Sydney","2020-11-15",-32,-19,-26,-35,-9,0
"Sydney","2020-11-16",-48,-35,-44,-50,-34,13
"Sydney","2020-11-17",-42,-31,-46,-48,-32,14
"Sydney","2020-11-18",-42,-32,-43,-46,-32,13
"Sydney","2020-11-19",-38,-31,-29,-44,-31,13
"Sydney","2020-11-20",-34,-28,-32,-42,-31,12
"Sydney","2020-11-21",-24,-19,-7,-26,-7,2
"Sydney","2020-11-22",-33,-20,-32,-38,-11,2
"Sydney","2020-11-23",-48,-35,-49,-48,-35,14
"Sydney","2020-11-24",-39,-30,-43,-47,-31,13
"Sydney","2020-11-25",-38,-31,-44,-45,-31,12
"Sydney","2020-11-26",-34,-28,-32,-42,-31,11
"Sydney","2020-11-27",-23,-21,-31,-38,-30,9
"Sydney","2020-11-28",-26,-22,-25,-25,-7,2
"Sydney","2020-11-29",-30,-22,-53,-38,-8,3
"Sydney","2020-11-30",-42,-28,-40,-47,-33,12
"Sydney","2020-12-01",-39,-30,-46,-45,-30,13
"Sydney","2020-12-02",-37,-30,-44,-43,-31,13
"Sydney","2020-12-03",-30,-26,-28,-39,-29,11
"Sydney","2020-12-04",-24,-23,-21,-35,-29,9
"Sydney","2020-12-05",-20,-14,-13,-24,-6,2
"Sydney","2020-12-06",-20,-15,-25,-27,-7,0
"Sydney","2020-12-07",-40,-28,-37,-46,-34,11
"Sydney","2020-12-08",-26,-26,-37,-41,-30,11
"Sydney","2020-12-09",-32,-29,-36,-41,-31,11
"Sydney","2020-12-10",-25,-27,-23,-37,-30,10
"Sydney","2020-12-11",-20,-22,-19,-32,-29,9
"Sydney","2020-12-12",-13,-10,7,-11,-6,0
"Sydney","2020-12-13",-19,-12,-18,-24,-7,1
"Sydney","2020-12-14",-37,-29,-40,-44,-33,11
"Sydney","2020-12-15",-32,-29,-52,-43,-32,12
"Sydney","2020-12-16",-28,-29,-43,-40,-31,11
"Sydney","2020-12-17",-19,-24,-17,-35,-31,9
"Sydney","2020-12-18",-26,-22,-30,-38,-32,10
"Sydney","2020-12-19",-32,-19,-33,-35,-8,4
"Sydney","2020-12-20",-41,-24,-46,-49,-11,4
"Sydney","2020-12-21",-53,-38,-61,-63,-52,18
"Sydney","2020-12-22",-47,-28,-52,-64,-53,17
"Sydney","2020-12-23",-45,-18,-48,-63,-55,15
"Sydney","2020-12-24",-51,-9,-47,-67,-63,13
"Sydney","2020-12-25",-83,-84,-64,-81,-86,21
"Sydney","2020-12-26",-56,-42,-51,-57,-38,7
"Sydney","2020-12-27",-48,-38,-42,-51,-19,0
"Sydney","2020-12-28",-58,-46,-56,-76,-77,21
"Sydney","2020-12-29",-53,-37,-65,-73,-68,21
"Sydney","2020-12-30",-53,-33,-55,-71,-67,19
"Sydney","2020-12-31",-57,-25,-46,-72,-70,18
"Brisbane","2020-02-15",4,6,7,-4,3,0
"Brisbane","2020-02-16",4,5,-3,-3,-2,1
"Brisbane","2020-02-17",-1,4,-5,4,14,-2
"Brisbane","2020-02-18",-1,2,10,4,10,-2
"Brisbane","2020-02-19",-2,1,2,5,9,-1
"Brisbane","2020-02-20",1,3,7,7,10,-2
"Brisbane","2020-02-21",1,4,5,5,14,-2
"Brisbane","2020-02-22",4,5,17,-1,4,0
"Brisbane","2020-02-23",3,7,-11,-3,-2,1
"Brisbane","2020-02-24",-2,3,-15,8,15,-1
"Brisbane","2020-02-25",-2,2,7,6,12,-1
"Brisbane","2020-02-26",-2,3,9,10,10,-1
"Brisbane","2020-02-27",-3,4,1,8,11,-2
"Brisbane","2020-02-28",1,5,4,10,15,-2
"Brisbane","2020-02-29",5,8,23,1,5,0
"Brisbane","2020-03-01",2,8,13,1,-1,0
"Brisbane","2020-03-02",-1,9,-5,7,16,-2
"Brisbane","2020-03-03",-2,11,7,5,12,-2
"Brisbane","2020-03-04",-2,13,0,7,10,-1
"Brisbane","2020-03-05",-4,10,5,7,11,-2
"Brisbane","2020-03-06",-2,5,-9,7,14,-2
"Brisbane","2020-03-07",1,8,13,-5,3,1
"Brisbane","2020-03-08",1,6,8,-4,-1,1
"Brisbane","2020-03-09",-10,-2,-48,2,13,1
"Brisbane","2020-03-10",-5,5,-23,3,12,0
"Brisbane","2020-03-11",-3,7,4,6,10,0
"Brisbane","2020-03-12",-6,7,-21,3,10,0
"Brisbane","2020-03-13",-3,13,-9,0,12,0
"Brisbane","2020-03-14",-3,14,6,-13,2,2
"Brisbane","2020-03-15",-6,13,2,-13,-3,3
"Brisbane","2020-03-16",-6,24,-13,-11,9,2
"Brisbane","2020-03-17",-9,27,-9,-18,0,4
"Brisbane","2020-03-18",-12,25,-11,-21,-4,7
"Brisbane","2020-03-19",-17,17,-10,-25,-6,7
"Brisbane","2020-03-20",-19,12,-15,-26,-5,8
"Brisbane","2020-03-21",-24,2,-13,-38,-8,8
"Brisbane","2020-03-22",-28,-5,-17,-40,-14,7
"Brisbane","2020-03-23",-26,9,-30,-38,-12,10
"Brisbane","2020-03-24",-34,2,-21,-45,-22,14
"Brisbane","2020-03-25",-35,2,-24,-49,-27,16
"Brisbane","2020-03-26",-39,-2,-15,-56,-32,17
"Brisbane","2020-03-27",-42,-3,-38,-59,-31,19
"Brisbane","2020-03-28",-44,-10,-26,-59,-28,15
"Brisbane","2020-03-29",-49,-23,-28,-66,-33,14
"Brisbane","2020-03-30",-44,-18,-31,-64,-39,19
"Brisbane","2020-03-31",-45,-17,-26,-66,-43,21
"Brisbane","2020-04-01",-44,-15,-28,-65,-45,22
"Brisbane","2020-04-02",-46,-16,-27,-67,-45,22
"Brisbane","2020-04-03",-46,-13,-35,-68,-43,23
"Brisbane","2020-04-04",-48,-17,-41,-69,-35,18
"Brisbane","2020-04-05",-48,-23,-33,-69,-37,14
"Brisbane","2020-04-06",-42,-18,-30,-68,-47,20
"Brisbane","2020-04-07",-43,-12,-21,-67,-49,22
"Brisbane","2020-04-08",-42,-6,-29,-68,-49,22
"Brisbane","2020-04-09",-35,15,-30,-67,-50,20
"Brisbane","2020-04-10",-80,-71,-37,-84,-85,36
"Brisbane","2020-04-11",-46,-3,-43,-72,-42,18
"Brisbane","2020-04-12",-58,-39,-39,-74,-43,15
"Brisbane","2020-04-13",-53,-27,-21,-82,-82,30
"Brisbane","2020-04-14",-42,-8,-25,-69,-49,22
"Brisbane","2020-04-15",-43,-11,-24,-67,-49,23
"Brisbane","2020-04-16",-46,-13,-19,-69,-49,22
"Brisbane","2020-04-17",-45,-9,-32,-69,-47,23
"Brisbane","2020-04-18",-47,-15,-46,-69,-32,17
"Brisbane","2020-04-19",-47,-21,-36,-71,-35,14
"Brisbane","2020-04-20",-43,-16,-30,-68,-41,20
"Brisbane","2020-04-21",-42,-13,-22,-68,-43,21
"Brisbane","2020-04-22",-42,-12,-24,-67,-43,21
"Brisbane","2020-04-23",-44,-12,-22,-68,-43,21
"Brisbane","2020-04-24",-40,-1,-32,-67,-41,21
"Brisbane","2020-04-25",-65,-54,-22,-69,-49,19
"Brisbane","2020-04-26",-32,5,-27,-68,-30,12
"Brisbane","2020-04-27",-38,-10,-30,-67,-40,19
"Brisbane","2020-04-28",-40,-11,-28,-67,-41,20
"Brisbane","2020-04-29",-40,-10,-21,-64,-42,20
"Brisbane","2020-04-30",-41,-9,-19,-67,-42,20
"Brisbane","2020-05-01",-38,-2,-28,-65,-39,21
"Brisbane","2020-05-02",-33,-1,-11,-62,-26,13
"Brisbane","2020-05-03",-32,-4,2,-65,-28,10
"Brisbane","2020-05-04",-58,-51,38,-77,-81,27
"Brisbane","2020-05-05",-30,14,-15,-64,-38,18
"Brisbane","2020-05-06",-35,-1,-20,-63,-39,20
"Brisbane","2020-05-07",-35,-4,-15,-65,-39,19
"Brisbane","2020-05-08",-33,2,-15,-63,-36,19
"Brisbane","2020-05-09",-24,11,-1,-59,-21,11
"Brisbane","2020-05-10",-30,-10,4,-63,-21,8
"Brisbane","2020-05-11",-33,-8,-16,-63,-33,17
"Brisbane","2020-05-12",-33,-5,-10,-63,-34,18
"Brisbane","2020-05-13",-34,-5,-10,-61,-35,18
"Brisbane","2020-05-14",-35,-4,-14,-63,-35,18
"Brisbane","2020-05-15",-31,4,-9,-61,-34,18
"Brisbane","2020-05-16",-27,2,8,-57,-20,10
"Brisbane","2020-05-17",-28,-6,12,-62,-22,8
"Brisbane","2020-05-18",-29,-4,-16,-62,-32,16
"Brisbane","2020-05-19",-30,-3,-3,-61,-33,16
"Brisbane","2020-05-20",-30,-3,-17,-60,-33,18
"Brisbane","2020-05-21",-31,-4,-33,-62,-34,17
"Brisbane","2020-05-22",-28,4,-20,-61,-30,17
"Brisbane","2020-05-23",-22,5,-16,-59,-17,10
"Brisbane","2020-05-24",-22,-1,17,-60,-19,8
"Brisbane","2020-05-25",-25,-2,-10,-57,-28,14
"Brisbane","2020-05-26",-26,-1,6,-57,-27,14
"Brisbane","2020-05-27",-26,-1,-1,-55,-28,15
"Brisbane","2020-05-28",-27,-1,-1,-57,-28,15
"Brisbane","2020-05-29",-26,3,-6,-56,-25,15
"Brisbane","2020-05-30",-21,4,21,-53,-14,9
"Brisbane","2020-05-31",-23,-4,11,-60,-18,8
"Brisbane","2020-06-01",-24,-2,-11,-57,-24,13
"Brisbane","2020-06-02",-25,-1,-6,-57,-26,14
"Brisbane","2020-06-03",-24,0,-3,-54,-26,15
"Brisbane","2020-06-04",-25,-1,-8,-57,-26,14
"Brisbane","2020-06-05",-23,2,-7,-55,-23,13
"Brisbane","2020-06-06",-16,2,25,-43,-12,7
"Brisbane","2020-06-07",-20,-5,12,-59,-16,7
"Brisbane","2020-06-08",-21,-4,-11,-56,-24,13
"Brisbane","2020-06-09",-23,-3,-3,-55,-25,13
"Brisbane","2020-06-10",-24,-3,-30,-55,-26,15
"Brisbane","2020-06-11",-22,-1,-4,-55,-25,13
"Brisbane","2020-06-12",-19,1,-5,-51,-23,12
"Brisbane","2020-06-13",-16,0,12,-50,-10,7
"Brisbane","2020-06-14",-21,-7,-42,-62,-17,8
"Brisbane","2020-06-15",-20,-3,-8,-53,-22,11
"Brisbane","2020-06-16",-21,-1,3,-51,-23,12
"Brisbane","2020-06-17",-20,-1,3,-49,-24,12
"Brisbane","2020-06-18",-21,-4,-14,-52,-24,12
"Brisbane","2020-06-19",-18,1,-8,-50,-22,11
"Brisbane","2020-06-20",-16,-1,-27,-52,-10,7
"Brisbane","2020-06-21",-16,-6,13,-54,-13,5
"Brisbane","2020-06-22",-19,-4,-7,-52,-24,11
"Brisbane","2020-06-23",-20,-3,0,-52,-25,11
"Brisbane","2020-06-24",-18,-1,-1,-49,-25,12
"Brisbane","2020-06-25",-18,-1,4,-50,-26,11
"Brisbane","2020-06-26",-17,0,-2,-49,-24,10
"Brisbane","2020-06-27",-15,-2,18,-43,-10,5
"Brisbane","2020-06-28",-17,-8,-38,-55,-13,6
"Brisbane","2020-06-29",-17,-4,2,-52,-30,11
"Brisbane","2020-06-30",-15,-3,10,-52,-31,12
"Brisbane","2020-07-01",-16,-4,10,-50,-32,12
"Brisbane","2020-07-02",-16,-2,9,-49,-33,11
"Brisbane","2020-07-03",-14,-3,3,-48,-31,10
"Brisbane","2020-07-04",-12,-3,10,-44,-9,4
"Brisbane","2020-07-05",-13,-9,14,-50,-14,3
"Brisbane","2020-07-06",-13,-4,-1,-51,-31,10
"Brisbane","2020-07-07",-12,0,14,-50,-32,11
"Brisbane","2020-07-08",-12,-1,9,-48,-31,11
"Brisbane","2020-07-09",-14,0,-30,-51,-32,12
"Brisbane","2020-07-10",-10,1,-3,-47,-30,10
"Brisbane","2020-07-11",-7,-1,17,-42,-7,4
"Brisbane","2020-07-12",-8,-1,-7,-49,-11,4
"Brisbane","2020-07-13",-11,1,-11,-45,-20,9
"Brisbane","2020-07-14",-13,0,-5,-45,-21,9
"Brisbane","2020-07-15",-10,1,5,-42,-20,9
"Brisbane","2020-07-16",-11,2,6,-44,-20,8
"Brisbane","2020-07-17",-7,3,3,-41,-19,7
"Brisbane","2020-07-18",-4,3,30,-41,-7,3
"Brisbane","2020-07-19",-3,0,31,-44,-12,3
"Brisbane","2020-07-20",-10,1,-3,-43,-17,8
"Brisbane","2020-07-21",-12,0,4,-43,-18,8
"Brisbane","2020-07-22",-11,1,-8,-42,-20,9
"Brisbane","2020-07-23",-13,-1,-20,-44,-20,9
"Brisbane","2020-07-24",-8,2,-28,-43,-18,9
"Brisbane","2020-07-25",-5,0,-32,-49,-9,6
"Brisbane","2020-07-26",-5,-1,-15,-49,-12,5
"Brisbane","2020-07-27",-11,-1,-15,-44,-18,8
"Brisbane","2020-07-28",-11,0,11,-42,-19,8
"Brisbane","2020-07-29",-12,1,7,-40,-20,9
"Brisbane","2020-07-30",-15,1,7,-44,-21,8
"Brisbane","2020-07-31",-12,3,-3,-43,-19,8
"Brisbane","2020-08-01",-13,-3,20,-47,-9,5
"Brisbane","2020-08-02",-15,-5,25,-51,-14,4
"Brisbane","2020-08-03",-16,-1,-6,-46,-20,9
"Brisbane","2020-08-04",-18,-2,6,-45,-22,9
"Brisbane","2020-08-05",-16,-5,8,-42,-21,10
"Brisbane","2020-08-06",-15,-4,12,-42,-21,8
"Brisbane","2020-08-07",-15,-6,-27,-43,-19,9
"Brisbane","2020-08-08",-6,-2,26,-41,-8,5
"Brisbane","2020-08-09",-8,-5,26,-47,-13,4
"Brisbane","2020-08-10",-11,-3,-10,-45,-20,9
"Brisbane","2020-08-11",-13,-4,10,-43,-19,8
"Brisbane","2020-08-12",-13,-4,8,-42,-20,9
"Brisbane","2020-08-13",-8,0,11,-42,-22,6
"Brisbane","2020-08-14",-24,-17,27,-64,-67,15
"Brisbane","2020-08-15",-13,-9,-11,-50,-14,5
"Brisbane","2020-08-16",-11,-9,26,-48,-14,1
"Brisbane","2020-08-17",-13,-4,-4,-45,-19,7
"Brisbane","2020-08-18",-15,-6,7,-44,-18,8
"Brisbane","2020-08-19",-15,-5,6,-42,-19,8
"Brisbane","2020-08-20",-16,-6,2,-44,-19,8
"Brisbane","2020-08-21",-11,-6,3,-42,-17,7
"Brisbane","2020-08-22",-10,-8,7,-47,-8,5
"Brisbane","2020-08-23",-11,-9,9,-51,-16,5
"Brisbane","2020-08-24",-17,-10,-9,-47,-18,8
"Brisbane","2020-08-25",-18,-9,6,-48,-20,9
"Brisbane","2020-08-26",-18,-9,0,-45,-20,9
"Brisbane","2020-08-27",-17,-6,5,-46,-20,8
"Brisbane","2020-08-28",-13,-5,-2,-45,-17,7
"Brisbane","2020-08-29",-10,-6,16,-48,-10,4
"Brisbane","2020-08-30",-11,-9,5,-52,-16,4
"Brisbane","2020-08-31",-16,-6,-8,-47,-17,8
"Brisbane","2020-09-01",-16,-6,4,-47,-19,8
"Brisbane","2020-09-02",-16,-6,4,-45,-20,9
"Brisbane","2020-09-03",-15,-5,2,-45,-19,7
"Brisbane","2020-09-04",-9,-4,2,-44,-23,8
"Brisbane","2020-09-05",-7,-2,15,-43,-9,3
"Brisbane","2020-09-06",-9,-10,-9,-52,-17,2
"Brisbane","2020-09-07",-15,-7,-16,-47,-18,8
"Brisbane","2020-09-08",-16,-6,2,-46,-19,8
"Brisbane","2020-09-09",-14,-7,4,-43,-20,8
"Brisbane","2020-09-10",-17,-8,-15,-45,-19,7
"Brisbane","2020-09-11",-11,-4,-7,-44,-17,7
"Brisbane","2020-09-12",-5,-5,19,-43,-8,3
"Brisbane","2020-09-13",-9,-7,12,-51,-18,3
"Brisbane","2020-09-14",-13,-7,-4,-46,-15,6
"Brisbane","2020-09-15",-13,-5,9,-46,-15,6
"Brisbane","2020-09-16",-12,-6,7,-42,-18,7
"Brisbane","2020-09-17",-14,-7,5,-44,-18,6
"Brisbane","2020-09-18",-10,-6,-5,-42,-17,6
"Brisbane","2020-09-19",-7,-7,10,-40,-9,2
"Brisbane","2020-09-20",-9,-9,10,-48,-17,2
"Brisbane","2020-09-21",-11,-8,-7,-48,-26,8
"Brisbane","2020-09-22",-14,-7,2,-48,-26,8
"Brisbane","2020-09-23",-13,-8,-3,-45,-27,9
"Brisbane","2020-09-24",-13,-7,-7,-45,-27,7
"Brisbane","2020-09-25",-11,-6,-13,-45,-26,7
"Brisbane","2020-09-26",-9,-8,-8,-43,-8,2
"Brisbane","2020-09-27",-10,-11,-6,-49,-18,1
"Brisbane","2020-09-28",-12,-7,-16,-49,-26,8
"Brisbane","2020-09-29",-13,-6,-7,-49,-26,8
"Brisbane","2020-09-30",-12,-6,-7,-46,-28,8
"Brisbane","2020-10-01",-13,-4,-8,-47,-26,7
"Brisbane","2020-10-02",-9,-3,-12,-44,-26,6
"Brisbane","2020-10-03",-10,-8,-5,-39,-11,1
"Brisbane","2020-10-04",-7,-12,-4,-44,-18,0
"Brisbane","2020-10-05",-19,-12,11,-67,-75,16
"Brisbane","2020-10-06",-14,2,-10,-44,-15,6
"Brisbane","2020-10-07",-14,-4,-5,-41,-15,6
"Brisbane","2020-10-08",-15,-3,-8,-42,-14,6
"Brisbane","2020-10-09",-11,-5,-11,-41,-12,5
"Brisbane","2020-10-10",-5,-3,12,-38,-3,3
"Brisbane","2020-10-11",-8,-6,0,-46,-14,3
"Brisbane","2020-10-12",-14,-5,-16,-43,-13,6
"Brisbane","2020-10-13",-15,-6,-4,-43,-13,6
"Brisbane","2020-10-14",-14,-5,-15,-41,-15,7
"Brisbane","2020-10-15",-13,-3,-7,-41,-14,6
"Brisbane","2020-10-16",-6,-2,-7,-37,-13,5
"Brisbane","2020-10-17",-4,-3,7,-37,-6,3
"Brisbane","2020-10-18",-8,-6,-6,-45,-16,3
"Brisbane","2020-10-19",-12,-4,-15,-43,-13,6
"Brisbane","2020-10-20",-13,-4,-4,-43,-13,6
"Brisbane","2020-10-21",-12,-5,-12,-40,-14,7
"Brisbane","2020-10-22",-12,-3,-16,-41,-14,6
"Brisbane","2020-10-23",-8,-2,-9,-40,-12,5
"Brisbane","2020-10-24",-5,-4,-27,-43,-7,4
"Brisbane","2020-10-25",-7,-5,-33,-49,-16,4
"Brisbane","2020-10-26",-11,-2,-20,-43,-12,6
"Brisbane","2020-10-27",-19,-11,-35,-43,-14,8
"Brisbane","2020-10-28",-14,-3,-29,-41,-15,8
"Brisbane","2020-10-29",-10,2,-12,-40,-13,5
"Brisbane","2020-10-30",-6,2,-9,-38,-11,4
"Brisbane","2020-10-31",-7,0,-19,-38,-6,4
"Brisbane","2020-11-01",-4,-5,-8,-43,-14,2
"Brisbane","2020-11-02",-11,-2,-19,-43,-12,6
"Brisbane","2020-11-03",-11,-4,-7,-42,-12,5
"Brisbane","2020-11-04",-12,-3,-11,-41,-14,7
"Brisbane","2020-11-05",-14,-4,-20,-42,-14,6
"Brisbane","2020-11-06",-8,-1,-13,-41,-12,5
"Brisbane","2020-11-07",-1,-1,-4,-37,-4,2
"Brisbane","2020-11-08",-4,-2,-18,-48,-15,3
"Brisbane","2020-11-09",-12,-3,-18,-43,-11,6
"Brisbane","2020-11-10",-11,-1,-7,-42,-12,6
"Brisbane","2020-11-11",-10,0,-9,-40,-14,6
"Brisbane","2020-11-12",-10,1,-12,-41,-13,5
"Brisbane","2020-11-13",-7,2,-18,-40,-12,5
"Brisbane","2020-11-14",-4,0,-9,-43,-6,2
"Brisbane","2020-11-15",-4,-3,-13,-47,-15,1
"Brisbane","2020-11-16",-10,1,-23,-43,-12,5
"Brisbane","2020-11-17",-13,-1,-23,-42,-12,6
"Brisbane","2020-11-18",-4,0,-11,-35,-13,5
"Brisbane","2020-11-19",-9,1,-12,-40,-13,4
"Brisbane","2020-11-20",-5,1,-14,-38,-12,4
"Brisbane","2020-11-21",-2,1,-3,-39,-5,2
"Brisbane","2020-11-22",-4,-2,-15,-43,-14,1
"Brisbane","2020-11-23",-10,-1,-23,-41,-12,5
"Brisbane","2020-11-24",-12,-3,-19,-42,-12,6
"Brisbane","2020-11-25",-8,1,-10,-39,-13,5
"Brisbane","2020-11-26",-7,2,-14,-39,-13,4
"Brisbane","2020-11-27",-1,4,-14,-36,-12,3
"Brisbane","2020-11-28",-1,1,-8,-37,-4,1
"Brisbane","2020-11-29",-1,-1,-22,-43,-14,1
"Brisbane","2020-11-30",-7,2,-24,-42,-13,5
"Brisbane","2020-12-01",-8,2,-11,-40,-13,5
"Brisbane","2020-12-02",-7,1,-17,-37,-14,5
"Brisbane","2020-12-03",-6,5,-15,-38,-14,4
"Brisbane","2020-12-04",-2,3,-14,-35,-12,3
"Brisbane","2020-12-05",0,3,-13,-32,-2,0
"Brisbane","2020-12-06",-2,0,-22,-39,-13,1
"Brisbane","2020-12-07",-8,2,-38,-39,-16,5
"Brisbane","2020-12-08",-4,5,-12,-40,-14,4
"Brisbane","2020-12-09",-3,2,-8,-36,-16,5
"Brisbane","2020-12-10",-2,5,-12,-36,-19,4
"Brisbane","2020-12-11",-2,3,-26,-33,-18,4
"Brisbane","2020-12-12",1,4,-37,-34,-3,2
"Brisbane","2020-12-13",-5,-5,-66,-45,-16,4
"Brisbane","2020-12-14",-8,0,-54,-45,-22,8
"Brisbane","2020-12-15",-2,7,-19,-39,-20,6
"Brisbane","2020-12-16",0,4,-26,-36,-20,6
"Brisbane","2020-12-17",1,10,-26,-35,-20,5
"Brisbane","2020-12-18",3,8,-18,-31,-18,4
"Brisbane","2020-12-19",1,6,-19,-26,-2,0
"Brisbane","2020-12-20",2,1,-27,-33,-11,0
"Brisbane","2020-12-21",10,16,-19,-40,-30,6
"Brisbane","2020-12-22",10,21,-20,-43,-32,7
"Brisbane","2020-12-23",18,38,-13,-38,-37,6
"Brisbane","2020-12-24",-2,46,-22,-49,-52,8
"Brisbane","2020-12-25",-78,-81,-35,-76,-86,14
"Brisbane","2020-12-26",-26,-25,-36,-47,-35,3
"Brisbane","2020-12-27",-9,-16,-22,-40,-23,0
"Brisbane","2020-12-28",-12,-9,-11,-63,-77,15
"Brisbane","2020-12-29",-4,8,-8,-56,-62,12
"Brisbane","2020-12-30",-3,9,-24,-54,-61,14
"Brisbane","2020-12-31",-3,23,-8,-52,-61,9
"Melbourne","2020-02-15",1,-1,-31,6,0,2
"Melbourne","2020-02-16",3,7,-8,2,-2,0
"Melbourne","2020-02-17",3,9,-1,10,7,-2
"Melbourne","2020-02-18",0,-2,-23,4,6,1
"Melbourne","2020-02-19",8,4,-19,5,4,1
"Melbourne","2020-02-20",12,8,-1,8,5,-1
"Melbourne","2020-02-21",10,13,8,12,7,-2
"Melbourne","2020-02-22",24,9,18,25,4,-1
"Melbourne","2020-02-23",16,7,12,15,-2,-2
"Melbourne","2020-02-24",4,5,-19,9,7,0
"Melbourne","2020-02-25",5,6,-3,8,5,0
"Melbourne","2020-02-26",6,10,2,9,5,0
"Melbourne","2020-02-27",5,5,-10,8,7,0
"Melbourne","2020-02-28",16,16,16,17,7,-2
"Melbourne","2020-02-29",14,10,20,22,4,-1
"Melbourne","2020-03-01",3,6,-11,7,-1,0
"Melbourne","2020-03-02",7,13,-13,14,9,-1
"Melbourne","2020-03-03",8,13,-5,7,6,0
"Melbourne","2020-03-04",2,11,-21,7,5,1
"Melbourne","2020-03-05",-2,4,-37,10,4,2
"Melbourne","2020-03-06",4,19,15,10,6,-2
"Melbourne","2020-03-07",6,10,31,18,0,0
"Melbourne","2020-03-08",16,12,56,35,-6,-3
"Melbourne","2020-03-09",-19,-11,69,-41,-65,12
"Melbourne","2020-03-10",-1,9,-2,5,4,1
"Melbourne","2020-03-11",-2,12,-11,5,4,2
"Melbourne","2020-03-12",-1,14,-5,8,3,2
"Melbourne","2020-03-13",-6,19,-8,2,2,4
"Melbourne","2020-03-14",-10,13,-13,-7,1,5
"Melbourne","2020-03-15",-20,14,-38,-20,-6,5
"Melbourne","2020-03-16",-15,34,-20,-10,-6,6
"Melbourne","2020-03-17",-26,21,-27,-27,-16,11
"Melbourne","2020-03-18",-39,-4,-45,-37,-24,15
"Melbourne","2020-03-19",-44,-3,-47,-42,-29,17
"Melbourne","2020-03-20",-49,-5,-41,-43,-30,18
"Melbourne","2020-03-21",-54,-17,-53,-47,-19,14
"Melbourne","2020-03-22",-58,-20,-66,-55,-24,12
"Melbourne","2020-03-23",-59,-18,-59,-58,-43,22
"Melbourne","2020-03-24",-71,-37,-57,-70,-56,29
"Melbourne","2020-03-25",-76,-45,-68,-74,-60,31
"Melbourne","2020-03-26",-77,-43,-58,-76,-63,32
"Melbourne","2020-03-27",-80,-41,-50,-76,-62,33
"Melbourne","2020-03-28",-80,-41,-57,-74,-49,22
"Melbourne","2020-03-29",-82,-51,-74,-78,-53,20
"Melbourne","2020-03-30",-78,-46,-60,-78,-66,31
"Melbourne","2020-03-31",-80,-51,-59,-81,-68,33
"Melbourne","2020-04-01",-81,-57,-67,-82,-69,34
"Melbourne","2020-04-02",-83,-58,-79,-83,-70,37
"Melbourne","2020-04-03",-83,-46,-63,-81,-68,36
"Melbourne","2020-04-04",-85,-49,-83,-79,-54,27
"Melbourne","2020-04-05",-84,-51,-85,-82,-57,22
"Melbourne","2020-04-06",-80,-48,-68,-81,-68,32
"Melbourne","2020-04-07",-81,-50,-69,-82,-69,35
"Melbourne","2020-04-08",-81,-53,-69,-82,-69,35
"Melbourne","2020-04-09",-80,-40,-64,-82,-69,33
"Melbourne","2020-04-10",-93,-78,-64,-91,-86,43
"Melbourne","2020-04-11",-85,-40,-83,-82,-60,27
"Melbourne","2020-04-12",-86,-54,-76,-83,-60,22
"Melbourne","2020-04-13",-85,-56,-58,-90,-86,36
"Melbourne","2020-04-14",-81,-51,-66,-83,-70,34
"Melbourne","2020-04-15",-82,-56,-70,-83,-70,35
"Melbourne","2020-04-16",-82,-50,-71,-82,-68,35
"Melbourne","2020-04-17",-83,-46,-68,-81,-67,36
"Melbourne","2020-04-18",-83,-42,-72,-77,-49,25
"Melbourne","2020-04-19",-81,-45,-67,-78,-53,20
"Melbourne","2020-04-20",-81,-51,-70,-81,-68,32
"Melbourne","2020-04-21",-80,-49,-66,-81,-68,34
"Melbourne","2020-04-22",-81,-54,-71,-81,-67,34
"Melbourne","2020-04-23",-81,-51,-72,-81,-67,35
"Melbourne","2020-04-24",-82,-42,-58,-80,-65,34
"Melbourne","2020-04-25",-84,-53,-64,-78,-55,24
"Melbourne","2020-04-26",-81,-40,-77,-78,-52,20
"Melbourne","2020-04-27",-80,-48,-64,-81,-66,31
"Melbourne","2020-04-28",-80,-49,-67,-82,-66,34
"Melbourne","2020-04-29",-83,-61,-83,-82,-68,36
"Melbourne","2020-04-30",-81,-48,-73,-81,-66,34
"Melbourne","2020-05-01",-84,-46,-73,-81,-65,36
"Melbourne","2020-05-02",-82,-40,-76,-75,-47,24
"Melbourne","2020-05-03",-80,-41,-68,-76,-48,19
"Melbourne","2020-05-04",-79,-47,-67,-79,-65,30
"Melbourne","2020-05-05",-78,-46,-52,-79,-64,32
"Melbourne","2020-05-06",-80,-53,-65,-79,-65,33
"Melbourne","2020-05-07",-80,-45,-63,-79,-64,33
"Melbourne","2020-05-08",-81,-38,-52,-78,-63,33
"Melbourne","2020-05-09",-81,-39,-79,-75,-45,24
"Melbourne","2020-05-10",-78,-39,-66,-74,-46,17
"Melbourne","2020-05-11",-78,-46,-63,-79,-64,30
"Melbourne","2020-05-12",-77,-44,-62,-78,-63,32
"Melbourne","2020-05-13",-78,-51,-67,-78,-64,32
"Melbourne","2020-05-14",-77,-44,-61,-77,-63,32
"Melbourne","2020-05-15",-79,-37,-50,-75,-62,31
"Melbourne","2020-05-16",-74,-32,-42,-64,-41,16
"Melbourne","2020-05-17",-73,-34,-43,-67,-42,13
"Melbourne","2020-05-18",-75,-41,-52,-75,-61,28
"Melbourne","2020-05-19",-76,-44,-59,-77,-62,30
"Melbourne","2020-05-20",-76,-47,-66,-77,-64,31
"Melbourne","2020-05-21",-78,-47,-74,-77,-63,33
"Melbourne","2020-05-22",-78,-35,-54,-74,-61,31
"Melbourne","2020-05-23",-75,-34,-75,-66,-41,19
"Melbourne","2020-05-24",-72,-34,-55,-65,-41,13
"Melbourne","2020-05-25",-73,-40,-51,-74,-61,27
"Melbourne","2020-05-26",-73,-41,-46,-74,-60,29
"Melbourne","2020-05-27",-74,-46,-60,-74,-60,30
"Melbourne","2020-05-28",-74,-39,-56,-74,-59,30
"Melbourne","2020-05-29",-75,-33,-43,-71,-58,29
"Melbourne","2020-05-30",-70,-26,-39,-58,-34,15
"Melbourne","2020-05-31",-69,-31,-51,-64,-33,13
"Melbourne","2020-06-01",-72,-48,-76,-73,-59,28
"Melbourne","2020-06-02",-69,-38,-60,-72,-57,28
"Melbourne","2020-06-03",-69,-45,-64,-72,-58,29
"Melbourne","2020-06-04",-68,-39,-55,-71,-56,27
"Melbourne","2020-06-05",-68,-32,-46,-68,-55,26
"Melbourne","2020-06-06",-56,-28,-40,-43,-30,13
"Melbourne","2020-06-07",-58,-34,-63,-58,-31,9
"Melbourne","2020-06-08",-65,-43,-46,-80,-77,24
"Melbourne","2020-06-09",-66,-39,-54,-72,-55,26
"Melbourne","2020-06-10",-66,-47,-58,-70,-55,27
"Melbourne","2020-06-11",-66,-40,-57,-69,-53,27
"Melbourne","2020-06-12",-66,-32,-45,-67,-52,25
"Melbourne","2020-06-13",-57,-25,-52,-52,-23,14
"Melbourne","2020-06-14",-57,-28,-58,-56,-22,11
"Melbourne","2020-06-15",-63,-37,-52,-68,-55,24
"Melbourne","2020-06-16",-65,-40,-55,-69,-54,27
"Melbourne","2020-06-17",-65,-45,-58,-69,-53,26
"Melbourne","2020-06-18",-63,-37,-51,-68,-53,26
"Melbourne","2020-06-19",-63,-32,-42,-65,-51,24
"Melbourne","2020-06-20",-53,-24,-44,-48,-21,11
"Melbourne","2020-06-21",-60,-32,-66,-58,-25,11
"Melbourne","2020-06-22",-65,-41,-68,-69,-56,25
"Melbourne","2020-06-23",-63,-38,-54,-69,-55,26
"Melbourne","2020-06-24",-64,-43,-59,-69,-53,26
"Melbourne","2020-06-25",-65,-40,-62,-70,-53,26
"Melbourne","2020-06-26",-65,-32,-48,-67,-51,25
"Melbourne","2020-06-27",-56,-26,-50,-52,-20,13
"Melbourne","2020-06-28",-56,-32,-51,-57,-19,10
"Melbourne","2020-06-29",-62,-38,-52,-69,-55,23
"Melbourne","2020-06-30",-63,-41,-58,-72,-55,26
"Melbourne","2020-07-01",-64,-45,-58,-72,-56,26
"Melbourne","2020-07-02",-66,-42,-61,-73,-56,27
"Melbourne","2020-07-03",-70,-41,-67,-72,-54,27
"Melbourne","2020-07-04",-60,-33,-72,-61,-19,15
"Melbourne","2020-07-05",-63,-37,-71,-64,-21,12
"Melbourne","2020-07-06",-67,-43,-68,-74,-58,25
"Melbourne","2020-07-07",-64,-40,-64,-74,-57,26
"Melbourne","2020-07-08",-62,-44,-59,-73,-55,24
"Melbourne","2020-07-09",-79,-50,-67,-80,-63,32
"Melbourne","2020-07-10",-81,-43,-63,-79,-61,33
"Melbourne","2020-07-11",-82,-50,-84,-78,-38,26
"Melbourne","2020-07-12",-78,-46,-74,-77,-36,19
"Melbourne","2020-07-13",-77,-48,-65,-78,-61,29
"Melbourne","2020-07-14",-77,-49,-64,-79,-61,31
"Melbourne","2020-07-15",-79,-53,-67,-79,-61,32
"Melbourne","2020-07-16",-80,-49,-68,-80,-61,32
"Melbourne","2020-07-17",-81,-44,-63,-79,-61,33
"Melbourne","2020-07-18",-80,-42,-72,-77,-35,23
"Melbourne","2020-07-19",-80,-46,-72,-79,-36,19
"Melbourne","2020-07-20",-80,-51,-72,-81,-62,30
"Melbourne","2020-07-21",-79,-51,-69,-81,-62,32
"Melbourne","2020-07-22",-81,-57,-72,-81,-62,33
"Melbourne","2020-07-23",-82,-54,-71,-81,-63,34
"Melbourne","2020-07-24",-83,-48,-62,-81,-61,34
"Melbourne","2020-07-25",-81,-45,-69,-76,-35,24
"Melbourne","2020-07-26",-81,-48,-73,-79,-38,19
"Melbourne","2020-07-27",-80,-53,-72,-80,-64,31
"Melbourne","2020-07-28",-80,-52,-63,-82,-64,32
"Melbourne","2020-07-29",-81,-57,-68,-82,-64,33
"Melbourne","2020-07-30",-81,-52,-66,-82,-64,33
"Melbourne","2020-07-31",-83,-48,-60,-81,-62,33
"Melbourne","2020-08-01",-79,-42,-59,-76,-33,23
"Melbourne","2020-08-02",-79,-38,-65,-78,-34,18
"Melbourne","2020-08-03",-84,-59,-75,-84,-66,32
"Melbourne","2020-08-04",-83,-60,-76,-85,-67,35
"Melbourne","2020-08-05",-84,-61,-80,-85,-67,35
"Melbourne","2020-08-06",-88,-62,-76,-88,-72,38
"Melbourne","2020-08-07",-89,-59,-77,-87,-71,39
"Melbourne","2020-08-08",-89,-58,-80,-85,-49,28
"Melbourne","2020-08-09",-87,-56,-73,-84,-46,22
"Melbourne","2020-08-10",-87,-60,-70,-87,-72,35
"Melbourne","2020-08-11",-87,-62,-71,-88,-73,37
"Melbourne","2020-08-12",-87,-64,-74,-88,-72,38
"Melbourne","2020-08-13",-87,-62,-71,-88,-72,38
"Melbourne","2020-08-14",-89,-58,-76,-87,-71,39
"Melbourne","2020-08-15",-87,-53,-66,-83,-46,26
"Melbourne","2020-08-16",-87,-57,-74,-84,-46,22
"Melbourne","2020-08-17",-87,-61,-72,-88,-73,34
"Melbourne","2020-08-18",-86,-61,-69,-88,-72,37
"Melbourne","2020-08-19",-88,-67,-81,-88,-72,39
"Melbourne","2020-08-20",-87,-61,-75,-88,-71,38
"Melbourne","2020-08-21",-88,-56,-70,-87,-70,38
"Melbourne","2020-08-22",-90,-63,-88,-85,-51,29
"Melbourne","2020-08-23",-87,-56,-82,-85,-46,22
"Melbourne","2020-08-24",-86,-59,-71,-87,-71,35
"Melbourne","2020-08-25",-86,-60,-70,-88,-71,37
"Melbourne","2020-08-26",-87,-62,-70,-88,-71,37
"Melbourne","2020-08-27",-87,-61,-72,-88,-72,38
"Melbourne","2020-08-28",-88,-54,-59,-86,-69,37
"Melbourne","2020-08-29",-86,-49,-55,-81,-45,25
"Melbourne","2020-08-30",-86,-55,-74,-83,-46,21
"Melbourne","2020-08-31",-86,-58,-68,-87,-71,34
"Melbourne","2020-09-01",-85,-57,-62,-87,-71,36
"Melbourne","2020-09-02",-87,-61,-71,-87,-71,37
"Melbourne","2020-09-03",-86,-58,-69,-88,-71,37
"Melbourne","2020-09-04",-87,-53,-62,-86,-69,36
"Melbourne","2020-09-05",-86,-48,-59,-82,-45,25
"Melbourne","2020-09-06",-84,-51,-55,-81,-42,19
"Melbourne","2020-09-07",-85,-56,-60,-86,-71,32
"Melbourne","2020-09-08",-86,-60,-72,-87,-72,36
"Melbourne","2020-09-09",-86,-61,-67,-86,-71,36
"Melbourne","2020-09-10",-86,-56,-58,-87,-70,35
"Melbourne","2020-09-11",-87,-53,-55,-85,-68,36
"Melbourne","2020-09-12",-88,-54,-81,-84,-47,27
"Melbourne","2020-09-13",-84,-47,-52,-81,-42,19
"Melbourne","2020-09-14",-85,-55,-54,-86,-68,32
"Melbourne","2020-09-15",-84,-54,-49,-86,-68,34
"Melbourne","2020-09-16",-85,-59,-57,-85,-68,35
"Melbourne","2020-09-17",-86,-56,-67,-87,-69,36
"Melbourne","2020-09-18",-87,-51,-56,-85,-66,35
"Melbourne","2020-09-19",-84,-46,-38,-80,-41,22
"Melbourne","2020-09-20",-84,-49,-46,-81,-40,18
"Melbourne","2020-09-21",-84,-52,-52,-85,-68,31
"Melbourne","2020-09-22",-85,-55,-61,-86,-69,35
"Melbourne","2020-09-23",-86,-59,-69,-86,-68,35
"Melbourne","2020-09-24",-86,-55,-65,-87,-68,36
"Melbourne","2020-09-25",-88,-55,-76,-86,-67,37
"Melbourne","2020-09-26",-86,-47,-67,-82,-40,25
"Melbourne","2020-09-27",-84,-46,-46,-81,-37,18
"Melbourne","2020-09-28",-84,-51,-51,-85,-67,31
"Melbourne","2020-09-29",-84,-52,-50,-85,-66,33
"Melbourne","2020-09-30",-85,-57,-68,-85,-68,34
"Melbourne","2020-10-01",-84,-50,-50,-85,-64,33
"Melbourne","2020-10-02",-85,-47,-25,-82,-62,32
"Melbourne","2020-10-03",-83,-42,-22,-77,-35,20
"Melbourne","2020-10-04",-83,-48,-52,-79,-37,18
"Melbourne","2020-10-05",-84,-52,-68,-83,-67,32
"Melbourne","2020-10-06",-84,-56,-71,-85,-67,34
"Melbourne","2020-10-07",-85,-58,-75,-84,-66,34
"Melbourne","2020-10-08",-85,-55,-73,-85,-66,34
"Melbourne","2020-10-09",-86,-48,-58,-83,-62,33
"Melbourne","2020-10-10",-83,-41,-33,-77,-31,20
"Melbourne","2020-10-11",-81,-44,-40,-78,-35,17
"Melbourne","2020-10-12",-82,-50,-49,-83,-64,29
"Melbourne","2020-10-13",-83,-53,-59,-84,-65,32
"Melbourne","2020-10-14",-83,-56,-51,-82,-63,31
"Melbourne","2020-10-15",-85,-55,-71,-84,-64,33
"Melbourne","2020-10-16",-85,-48,-58,-82,-60,32
"Melbourne","2020-10-17",-83,-41,-56,-78,-34,22
"Melbourne","2020-10-18",-81,-45,-53,-79,-33,17
"Melbourne","2020-10-19",-78,-48,-49,-80,-62,28
"Melbourne","2020-10-20",-79,-47,-43,-81,-62,30
"Melbourne","2020-10-21",-80,-54,-54,-80,-62,31
"Melbourne","2020-10-22",-79,-44,-42,-80,-60,28
"Melbourne","2020-10-23",-83,-42,-32,-85,-76,34
"Melbourne","2020-10-24",-81,-38,-68,-77,-35,22
"Melbourne","2020-10-25",-77,-39,-49,-73,-34,16
"Melbourne","2020-10-26",-79,-47,-50,-79,-62,27
"Melbourne","2020-10-27",-79,-48,-53,-80,-61,29
"Melbourne","2020-10-28",-69,-48,-52,-74,-57,25
"Melbourne","2020-10-29",-71,-45,-59,-76,-58,26
"Melbourne","2020-10-30",-71,-38,-49,-71,-54,23
"Melbourne","2020-10-31",-59,-24,-44,-54,-19,12
"Melbourne","2020-11-01",-56,-25,-28,-55,-21,8
"Melbourne","2020-11-02",-60,-34,-32,-71,-62,20
"Melbourne","2020-11-03",-63,-47,-11,-79,-76,23
"Melbourne","2020-11-04",-73,-54,-75,-76,-60,27
"Melbourne","2020-11-05",-69,-44,-62,-76,-58,26
"Melbourne","2020-11-06",-68,-39,-53,-71,-55,24
"Melbourne","2020-11-07",-54,-22,-43,-53,-19,12
"Melbourne","2020-11-08",-53,-27,-28,-56,-19,8
"Melbourne","2020-11-09",-65,-38,-41,-70,-57,21
"Melbourne","2020-11-10",-65,-39,-46,-71,-58,22
"Melbourne","2020-11-11",-70,-49,-67,-72,-58,25
"Melbourne","2020-11-12",-66,-40,-54,-72,-56,23
"Melbourne","2020-11-13",-64,-34,-45,-67,-54,20
"Melbourne","2020-11-14",-49,-21,-29,-45,-17,6
"Melbourne","2020-11-15",-53,-29,-51,-52,-20,5
"Melbourne","2020-11-16",-66,-38,-50,-71,-57,21
"Melbourne","2020-11-17",-64,-39,-49,-70,-57,23
"Melbourne","2020-11-18",-65,-45,-51,-69,-55,22
"Melbourne","2020-11-19",-65,-41,-54,-71,-55,22
"Melbourne","2020-11-20",-61,-33,-36,-65,-52,18
"Melbourne","2020-11-21",-45,-21,-24,-43,-17,6
"Melbourne","2020-11-22",-52,-30,-59,-53,-22,7
"Melbourne","2020-11-23",-64,-39,-59,-70,-56,21
"Melbourne","2020-11-24",-61,-37,-43,-69,-55,21
"Melbourne","2020-11-25",-61,-43,-49,-66,-53,20
"Melbourne","2020-11-26",-60,-38,-49,-68,-52,19
"Melbourne","2020-11-27",-53,-31,-32,-59,-50,15
"Melbourne","2020-11-28",-40,-22,-28,-36,-13,4
"Melbourne","2020-11-29",-44,-25,-52,-43,-15,4
"Melbourne","2020-11-30",-58,-36,-44,-64,-52,17
"Melbourne","2020-12-01",-61,-39,-52,-67,-53,20
"Melbourne","2020-12-02",-58,-39,-49,-64,-52,19
"Melbourne","2020-12-03",-57,-36,-42,-65,-51,18
"Melbourne","2020-12-04",-53,-29,-19,-57,-48,15
"Melbourne","2020-12-05",-40,-21,-37,-36,-13,5
"Melbourne","2020-12-06",-43,-21,-44,-42,-14,4
"Melbourne","2020-12-07",-60,-38,-62,-67,-54,18
"Melbourne","2020-12-08",-56,-34,-48,-65,-51,19
"Melbourne","2020-12-09",-53,-37,-43,-61,-50,17
"Melbourne","2020-12-10",-52,-35,-42,-63,-50,17
"Melbourne","2020-12-11",-47,-29,-4,-52,-47,13
"Melbourne","2020-12-12",-33,-19,-6,-27,-7,2
"Melbourne","2020-12-13",-39,-23,-31,-37,-12,1
"Melbourne","2020-12-14",-54,-32,-43,-61,-52,16
"Melbourne","2020-12-15",-52,-35,-41,-62,-52,17
"Melbourne","2020-12-16",-48,-37,-40,-59,-49,16
"Melbourne","2020-12-17",-47,-34,-41,-59,-48,16
"Melbourne","2020-12-18",-42,-25,-10,-49,-46,12
"Melbourne","2020-12-19",-32,-16,-19,-27,-5,2
"Melbourne","2020-12-20",-33,-22,-24,-33,-6,0
"Melbourne","2020-12-21",-45,-30,-43,-61,-54,14
"Melbourne","2020-12-22",-46,-31,-54,-65,-55,18
"Melbourne","2020-12-23",-40,-19,-34,-59,-53,13
"Melbourne","2020-12-24",-50,-9,-36,-66,-59,11
"Melbourne","2020-12-25",-77,-73,-23,-73,-81,13
"Melbourne","2020-12-26",-39,-35,-40,-34,-25,1
"Melbourne","2020-12-27",-41,-32,-57,-41,-17,2
"Melbourne","2020-12-28",-42,-33,-32,-68,-73,14
"Melbourne","2020-12-29",-45,-28,-28,-67,-65,14
"Melbourne","2020-12-30",-49,-38,-42,-67,-64,15
"Melbourne","2020-12-31",-49,-21,-35,-66,-64,12
